---
-- #%L
-- ObServe :: Entities Migration
-- %%
-- Copyright (C) 2008 - 2017 IRD, Code Lutin, Ultreia.io
-- %%
-- This program is free software: you can redistribute it and/or modify
-- it under the terms of the GNU General Public License as
-- published by the Free Software Foundation, either version 3 of the
-- License, or (at your option) any later version.
-- 
-- This program is distributed in the hope that it will be useful,
-- but WITHOUT ANY WARRANTY; without even the implied warranty of
-- MERCHANTABILITY or FITNESS FOR A PARTICULAR PURPOSE.  See the
-- GNU General Public License for more details.
-- 
-- You should have received a copy of the GNU General Public
-- License along with this program.  If not, see
-- <http://www.gnu.org/licenses/gpl-3.0.html>.
-- #L%
---
--
-- Gear caracteristic type Definition
--
CREATE TABLE OBSERVE_COMMON.GEARCARACTERISTICTYPE(topiaid VARCHAR(255) NOT NULL,topiaversion BIGINT NOT NULL, topiacreatedate DATE, code VARCHAR(255), status INTEGER DEFAULT 1, uri VARCHAR(255), needcomment boolean, label1 VARCHAR(255), label2 VARCHAR(255), label3 VARCHAR(255), label4 VARCHAR(255), label5 VARCHAR(255), label6 VARCHAR(255), label7 VARCHAR(255), label8 VARCHAR(255), unit VARCHAR(255) );
ALTER TABLE OBSERVE_COMMON.GEARCARACTERISTICTYPE ADD CONSTRAINT PK_GEARCARACTERISTICTYPE PRIMARY KEY(TOPIAID);
--
-- Gear caracteristic type Data
--
INSERT INTO OBSERVE_COMMON.GEARCARACTERISTICTYPE(TOPIAID, TOPIAVERSION, TOPIACREATEDATE, STATUS, NEEDCOMMENT,CODE, LABEL2, LABEL1, LABEL3) VALUES ('fr.ird.observe.entities.referentiel.GearCaracteristicType#1239832686123#0.1', 0, TIMESTAMP '2015-03-28 00:00:00.00', 1, FALSE,  null, STRINGDECODE('Texte'),STRINGDECODE('Text'),STRINGDECODE('Texto'));
INSERT INTO OBSERVE_COMMON.GEARCARACTERISTICTYPE(TOPIAID, TOPIAVERSION, TOPIACREATEDATE, STATUS, NEEDCOMMENT,CODE, LABEL2, LABEL1, LABEL3) VALUES ('fr.ird.observe.entities.referentiel.GearCaracteristicType#1239832686123#0.2', 0, TIMESTAMP '2015-03-28 00:00:00.00', 1, FALSE,  null, STRINGDECODE('Boolean'),STRINGDECODE('Boolean'),STRINGDECODE('Booleano'));
INSERT INTO OBSERVE_COMMON.GEARCARACTERISTICTYPE(TOPIAID, TOPIAVERSION, TOPIACREATEDATE, STATUS, NEEDCOMMENT,CODE, LABEL2, LABEL1, LABEL3) VALUES ('fr.ird.observe.entities.referentiel.GearCaracteristicType#1239832686123#0.3', 0, TIMESTAMP '2015-03-28 00:00:00.00', 1, FALSE,  null, STRINGDECODE('Entier signé'),STRINGDECODE('Not signed whole number'),STRINGDECODE('Entero no firmado'));
INSERT INTO OBSERVE_COMMON.GEARCARACTERISTICTYPE(TOPIAID, TOPIAVERSION, TOPIACREATEDATE, STATUS, NEEDCOMMENT,CODE, LABEL2, LABEL1, LABEL3) VALUES ('fr.ird.observe.entities.referentiel.GearCaracteristicType#1239832686123#0.4', 0, TIMESTAMP '2015-03-28 00:00:00.00', 1, FALSE,  null, STRINGDECODE('Décimal signé'),STRINGDECODE('Signed Decimal'),STRINGDECODE('Decimal firmado'));
INSERT INTO OBSERVE_COMMON.GEARCARACTERISTICTYPE(TOPIAID, TOPIAVERSION, TOPIACREATEDATE, STATUS, NEEDCOMMENT,CODE, LABEL2, LABEL1, LABEL3) VALUES ('fr.ird.observe.entities.referentiel.GearCaracteristicType#1239832686123#0.5', 0, TIMESTAMP '2015-03-28 00:00:00.00', 1, FALSE,  null, STRINGDECODE('Entier non signé'),STRINGDECODE('Signed whole number'),STRINGDECODE('Entero firmado'));
INSERT INTO OBSERVE_COMMON.GEARCARACTERISTICTYPE(TOPIAID, TOPIAVERSION, TOPIACREATEDATE, STATUS, NEEDCOMMENT,CODE, LABEL2, LABEL1, LABEL3) VALUES ('fr.ird.observe.entities.referentiel.GearCaracteristicType#1239832686123#0.6', 0, TIMESTAMP '2015-03-28 00:00:00.00', 1, FALSE,  null, STRINGDECODE('Décimal non signé'),STRINGDECODE('Not signed decimal'),STRINGDECODE('Decimal no firmado'));
--
-- Gear caracteristic Definition
--
CREATE TABLE OBSERVE_COMMON.GEARCARACTERISTIC(topiaid VARCHAR(255) NOT NULL,topiaversion BIGINT NOT NULL, topiacreatedate DATE, code VARCHAR(255), status INTEGER DEFAULT 1, uri VARCHAR(255), needcomment boolean, label1 VARCHAR(255), label2 VARCHAR(255), label3 VARCHAR(255), label4 VARCHAR(255), label5 VARCHAR(255), label6 VARCHAR(255), label7 VARCHAR(255), label8 VARCHAR(255), unit VARCHAR(255), gearCaracteristicType VARCHAR(255));
ALTER TABLE OBSERVE_COMMON.GEARCARACTERISTIC ADD CONSTRAINT PK_GEARCARACTERISTIC PRIMARY KEY(TOPIAID);
ALTER TABLE OBSERVE_COMMON.GEARCARACTERISTIC ADD CONSTRAINT FK_GEARCARACTERISTIC_GEARCARACTERISTICTYPE FOREIGN KEY(GEARCARACTERISTICTYPE) REFERENCES OBSERVE_COMMON.GEARCARACTERISTICTYPE(topiaid);
CREATE INDEX FK_GEARCARACTERISTIC_GEARCARACTERISTICTYPE_IDX ON OBSERVE_COMMON.GEARCARACTERISTIC(GEARCARACTERISTICTYPE);
--
-- Gear caracteristic Data
--
INSERT INTO OBSERVE_COMMON.GEARCARACTERISTIC(TOPIAID, TOPIAVERSION, TOPIACREATEDATE, STATUS, NEEDCOMMENT,CODE, LABEL2, LABEL1, LABEL3, UNIT, GEARCARACTERISTICTYPE) VALUES ('fr.ird.observe.entities.referentiel.GearCaracteristic#1239832686124#0.1',  0, TIMESTAMP '2015-03-28 00:00:00.00', 1, FALSE,  null, STRINGDECODE('Portée'), STRINGDECODE('range'), STRINGDECODE('alcance'), 'm', 'fr.ird.observe.entities.referentiel.GearCaracteristicType#1239832686123#0.5');
INSERT INTO OBSERVE_COMMON.GEARCARACTERISTIC(TOPIAID, TOPIAVERSION, TOPIACREATEDATE, STATUS, NEEDCOMMENT,CODE, LABEL2, LABEL1, LABEL3, UNIT, GEARCARACTERISTICTYPE) VALUES ('fr.ird.observe.entities.referentiel.GearCaracteristic#1239832686124#0.2',  0, TIMESTAMP '2015-03-28 00:00:00.00', 1, FALSE,  null, STRINGDECODE('Puissance moteur'), STRINGDECODE('Horse power'), STRINGDECODE('potencia motriz'), 'cv', 'fr.ird.observe.entities.referentiel.GearCaracteristicType#1239832686123#0.5');
INSERT INTO OBSERVE_COMMON.GEARCARACTERISTIC(TOPIAID, TOPIAVERSION, TOPIACREATEDATE, STATUS, NEEDCOMMENT,CODE, LABEL2, LABEL1, LABEL3, UNIT, GEARCARACTERISTICTYPE) VALUES ('fr.ird.observe.entities.referentiel.GearCaracteristic#1239832686124#0.3',  0, TIMESTAMP '2015-03-28 00:00:00.00', 1, FALSE,  null, STRINGDECODE('Fréquence'), STRINGDECODE('frequency'), STRINGDECODE('frecuencia'), 'Hz', 'fr.ird.observe.entities.referentiel.GearCaracteristicType#1239832686123#0.5');
INSERT INTO OBSERVE_COMMON.GEARCARACTERISTIC(TOPIAID, TOPIAVERSION, TOPIACREATEDATE, STATUS, NEEDCOMMENT,CODE, LABEL2, LABEL1, LABEL3, UNIT, GEARCARACTERISTICTYPE) VALUES ('fr.ird.observe.entities.referentiel.GearCaracteristic#1239832686124#0.4',  0, TIMESTAMP '2015-03-28 00:00:00.00', 1, FALSE,  null, STRINGDECODE('Fréquence basse'), STRINGDECODE('low frequency'), STRINGDECODE('baja frecuencia'), 'Hz', 'fr.ird.observe.entities.referentiel.GearCaracteristicType#1239832686123#0.5');
INSERT INTO OBSERVE_COMMON.GEARCARACTERISTIC(TOPIAID, TOPIAVERSION, TOPIACREATEDATE, STATUS, NEEDCOMMENT,CODE, LABEL2, LABEL1, LABEL3, UNIT, GEARCARACTERISTICTYPE) VALUES ('fr.ird.observe.entities.referentiel.GearCaracteristic#1239832686124#0.5',  0, TIMESTAMP '2015-03-28 00:00:00.00', 1, FALSE,  null, STRINGDECODE('Fréquence haute'), STRINGDECODE('high frequency'), STRINGDECODE('alta frecuencia'), 'Hz', 'fr.ird.observe.entities.referentiel.GearCaracteristicType#1239832686123#0.5');
INSERT INTO OBSERVE_COMMON.GEARCARACTERISTIC(TOPIAID, TOPIAVERSION, TOPIACREATEDATE, STATUS, NEEDCOMMENT,CODE, LABEL2, LABEL1, LABEL3, UNIT, GEARCARACTERISTICTYPE) VALUES ('fr.ird.observe.entities.referentiel.GearCaracteristic#1239832686124#0.6',  0, TIMESTAMP '2015-03-28 00:00:00.00', 1, FALSE,  null, STRINGDECODE('Type'), STRINGDECODE('type'), STRINGDECODE('tipo'), null, 'fr.ird.observe.entities.referentiel.GearCaracteristicType#1239832686123#0.1');
INSERT INTO OBSERVE_COMMON.GEARCARACTERISTIC(TOPIAID, TOPIAVERSION, TOPIACREATEDATE, STATUS, NEEDCOMMENT,CODE, LABEL2, LABEL1, LABEL3, UNIT, GEARCARACTERISTICTYPE) VALUES ('fr.ird.observe.entities.referentiel.GearCaracteristic#1239832686124#0.7',  0, TIMESTAMP '2015-03-28 00:00:00.00', 1, FALSE,  null, STRINGDECODE('Circonférence surface'), STRINGDECODE('surface net circumference'), STRINGDECODE('circumferencia de la red a la superficie'), 'm', 'fr.ird.observe.entities.referentiel.GearCaracteristicType#1239832686123#0.5');
INSERT INTO OBSERVE_COMMON.GEARCARACTERISTIC(TOPIAID, TOPIAVERSION, TOPIACREATEDATE, STATUS, NEEDCOMMENT,CODE, LABEL2, LABEL1, LABEL3, UNIT, GEARCARACTERISTICTYPE) VALUES ('fr.ird.observe.entities.referentiel.GearCaracteristic#1239832686124#0.8',  0, TIMESTAMP '2015-03-28 00:00:00.00', 1, FALSE,  null, STRINGDECODE('Circonference fond'), STRINGDECODE('bottom net circumference'), STRINGDECODE('circumferencia de la red en el fondo'), 'm', 'fr.ird.observe.entities.referentiel.GearCaracteristicType#1239832686123#0.5');
INSERT INTO OBSERVE_COMMON.GEARCARACTERISTIC(TOPIAID, TOPIAVERSION, TOPIACREATEDATE, STATUS, NEEDCOMMENT,CODE, LABEL2, LABEL1, LABEL3, UNIT, GEARCARACTERISTICTYPE) VALUES ('fr.ird.observe.entities.referentiel.GearCaracteristic#1239832686124#0.9',  0, TIMESTAMP '2015-03-28 00:00:00.00', 1, FALSE,  null, STRINGDECODE('Profondeur'), STRINGDECODE('depth'), STRINGDECODE('profundidad'), 'm', 'fr.ird.observe.entities.referentiel.GearCaracteristicType#1239832686123#0.5');
INSERT INTO OBSERVE_COMMON.GEARCARACTERISTIC(TOPIAID, TOPIAVERSION, TOPIACREATEDATE, STATUS, NEEDCOMMENT,CODE, LABEL2, LABEL1, LABEL3, UNIT, GEARCARACTERISTICTYPE) VALUES ('fr.ird.observe.entities.referentiel.GearCaracteristic#1239832686124#0.10', 0, TIMESTAMP '2015-03-28 00:00:00.00', 1, FALSE,  null, STRINGDECODE('Poids du lest'), STRINGDECODE('sinker weight'), STRINGDECODE('peso del lastre'), 'kg', 'fr.ird.observe.entities.referentiel.GearCaracteristicType#1239832686123#0.5');
INSERT INTO OBSERVE_COMMON.GEARCARACTERISTIC(TOPIAID, TOPIAVERSION, TOPIACREATEDATE, STATUS, NEEDCOMMENT,CODE, LABEL2, LABEL1, LABEL3, UNIT, GEARCARACTERISTICTYPE) VALUES ('fr.ird.observe.entities.referentiel.GearCaracteristic#1239832686124#0.11', 0, TIMESTAMP '2015-03-28 00:00:00.00', 1, FALSE,  null, STRINGDECODE('Maille de poche'), STRINGDECODE('sack mesh size'), STRINGDECODE('malla del saco'), 'mm', 'fr.ird.observe.entities.referentiel.GearCaracteristicType#1239832686123#0.5');
INSERT INTO OBSERVE_COMMON.GEARCARACTERISTIC(TOPIAID, TOPIAVERSION, TOPIACREATEDATE, STATUS, NEEDCOMMENT,CODE, LABEL2, LABEL1, LABEL3, UNIT, GEARCARACTERISTICTYPE) VALUES ('fr.ird.observe.entities.referentiel.GearCaracteristic#1239832686124#0.12', 0, TIMESTAMP '2015-03-28 00:00:00.00', 1, FALSE,  null, STRINGDECODE('Autre taille de maille'), STRINGDECODE('other mesh size'), STRINGDECODE('otro tamaño de malla'), 'mm', 'fr.ird.observe.entities.referentiel.GearCaracteristicType#1239832686123#0.5');
INSERT INTO OBSERVE_COMMON.GEARCARACTERISTIC(TOPIAID, TOPIAVERSION, TOPIACREATEDATE, STATUS, NEEDCOMMENT,CODE, LABEL2, LABEL1, LABEL3, UNIT, GEARCARACTERISTICTYPE) VALUES ('fr.ird.observe.entities.referentiel.GearCaracteristic#1239832686124#0.13', 0, TIMESTAMP '2015-03-28 00:00:00.00', 1, FALSE,  null, STRINGDECODE('Capacité en volume'), STRINGDECODE('volume capacity'), STRINGDECODE('capacidad en volumen'), 'm³', 'fr.ird.observe.entities.referentiel.GearCaracteristicType#1239832686123#0.5');
INSERT INTO OBSERVE_COMMON.GEARCARACTERISTIC(TOPIAID, TOPIAVERSION, TOPIACREATEDATE, STATUS, NEEDCOMMENT,CODE, LABEL2, LABEL1, LABEL3, UNIT, GEARCARACTERISTICTYPE) VALUES ('fr.ird.observe.entities.referentiel.GearCaracteristic#1239832686124#0.14', 0, TIMESTAMP '2015-03-28 00:00:00.00', 1, FALSE,  null, STRINGDECODE('Capacité en masse'), STRINGDECODE( 'tonnage capacity'), STRINGDECODE('capacidad en masa'), 't', 'fr.ird.observe.entities.referentiel.GearCaracteristicType#1239832686123#0.5');
INSERT INTO OBSERVE_COMMON.GEARCARACTERISTIC(TOPIAID, TOPIAVERSION, TOPIACREATEDATE, STATUS, NEEDCOMMENT,CODE, LABEL2, LABEL1, LABEL3, UNIT, GEARCARACTERISTICTYPE) VALUES ('fr.ird.observe.entities.referentiel.GearCaracteristic#1239832686124#0.15', 0, TIMESTAMP '2015-03-28 00:00:00.00', 1, FALSE,  null, STRINGDECODE('Diamètre'), STRINGDECODE('diameter'), STRINGDECODE('diámetro'), 'm', 'fr.ird.observe.entities.referentiel.GearCaracteristicType#1239832686123#0.5');
INSERT INTO OBSERVE_COMMON.GEARCARACTERISTIC(TOPIAID, TOPIAVERSION, TOPIACREATEDATE, STATUS, NEEDCOMMENT,CODE, LABEL2, LABEL1, LABEL3, UNIT, GEARCARACTERISTICTYPE) VALUES ('fr.ird.observe.entities.referentiel.GearCaracteristic#1239832686124#0.16', 0, TIMESTAMP '2015-03-28 00:00:00.00', 1, FALSE,  null, STRINGDECODE('Rapport d''armement'), STRINGDECODE('cruise report ??? ship owner ?'), STRINGDECODE('informe del armador ???'), '%', 'fr.ird.observe.entities.referentiel.GearCaracteristicType#1239832686123#0.5');
INSERT INTO OBSERVE_COMMON.GEARCARACTERISTIC(TOPIAID, TOPIAVERSION, TOPIACREATEDATE, STATUS, NEEDCOMMENT,CODE, LABEL2, LABEL1, LABEL3, UNIT, GEARCARACTERISTICTYPE) VALUES ('fr.ird.observe.entities.referentiel.GearCaracteristic#1239832686124#0.17', 0, TIMESTAMP '2015-03-28 00:00:00.00', 1, FALSE,  null, STRINGDECODE('Fournisseur/marque'), STRINGDECODE('supplier'), STRINGDECODE('proveedor'), null, 'fr.ird.observe.entities.referentiel.GearCaracteristicType#1239832686123#0.1');
INSERT INTO OBSERVE_COMMON.GEARCARACTERISTIC(TOPIAID, TOPIAVERSION, TOPIACREATEDATE, STATUS, NEEDCOMMENT,CODE, LABEL2, LABEL1, LABEL3, UNIT, GEARCARACTERISTICTYPE) VALUES ('fr.ird.observe.entities.referentiel.GearCaracteristic#1239832686124#0.18', 0, TIMESTAMP '2015-03-28 00:00:00.00', 1, FALSE,  null, STRINGDECODE('Fréquence d''interrogation (fois/jour)'), STRINGDECODE('test frequency (times per day)'), STRINGDECODE('frecuencia de consulta'), 'fois / jour', 'fr.ird.observe.entities.referentiel.GearCaracteristicType#1239832686123#0.5');
INSERT INTO OBSERVE_COMMON.GEARCARACTERISTIC(TOPIAID, TOPIAVERSION, TOPIACREATEDATE, STATUS, NEEDCOMMENT,CODE, LABEL2, LABEL1, LABEL3, UNIT, GEARCARACTERISTICTYPE) VALUES ('fr.ird.observe.entities.referentiel.GearCaracteristic#1239832686124#0.19', 0, TIMESTAMP '2015-03-28 00:00:00.00', 1, FALSE,  null, STRINGDECODE('Nombre de mises à l''eau durant la marée'), STRINGDECODE('number of deployments per trip'), STRINGDECODE('?'), null, 'fr.ird.observe.entities.referentiel.GearCaracteristicType#1239832686123#0.5');
INSERT INTO OBSERVE_COMMON.GEARCARACTERISTIC(TOPIAID, TOPIAVERSION, TOPIACREATEDATE, STATUS, NEEDCOMMENT,CODE, LABEL2, LABEL1, LABEL3, UNIT, GEARCARACTERISTICTYPE) VALUES ('fr.ird.observe.entities.referentiel.GearCaracteristic#1239832686124#0.20', 0, TIMESTAMP '2015-03-28 00:00:00.00', 1, FALSE,  null, STRINGDECODE('Hauteur'), STRINGDECODE('height'), STRINGDECODE('altura'), 'm', 'fr.ird.observe.entities.referentiel.GearCaracteristicType#1239832686123#0.5');
INSERT INTO OBSERVE_COMMON.GEARCARACTERISTIC(TOPIAID, TOPIAVERSION, TOPIACREATEDATE, STATUS, NEEDCOMMENT,CODE, LABEL2, LABEL1, LABEL3, UNIT, GEARCARACTERISTICTYPE) VALUES ('fr.ird.observe.entities.referentiel.GearCaracteristic#1239832686124#0.21', 0, TIMESTAMP '2015-03-28 00:00:00.00', 1, FALSE,  null, STRINGDECODE('Non maillant (oui/non)'), STRINGDECODE('not entangling (yes/no)'), STRINGDECODE('no enmallante (si/no)'), null, 'fr.ird.observe.entities.referentiel.GearCaracteristicType#1239832686123#0.2');
INSERT INTO OBSERVE_COMMON.GEARCARACTERISTIC(TOPIAID, TOPIAVERSION, TOPIACREATEDATE, STATUS, NEEDCOMMENT,CODE, LABEL2, LABEL1, LABEL3, UNIT, GEARCARACTERISTICTYPE) VALUES ('fr.ird.observe.entities.referentiel.GearCaracteristic#1239832686124#0.22', 0, TIMESTAMP '2015-03-28 00:00:00.00', 1, FALSE,  null, STRINGDECODE('Matériau écologique (oui/non)'), STRINGDECODE('ecological materials (yes/no)'), STRINGDECODE('material ecológico'), null, 'fr.ird.observe.entities.referentiel.GearCaracteristicType#1239832686123#0.2');
--
-- Gear Definition
--
CREATE TABLE OBSERVE_COMMON.GEAR(topiaid VARCHAR(255) NOT NULL,topiaversion BIGINT NOT NULL, topiacreatedate DATE, code VARCHAR(255), status INTEGER DEFAULT 1, uri VARCHAR(255), needcomment boolean, label1 VARCHAR(255), label2 VARCHAR(255), label3 VARCHAR(255), label4 VARCHAR(255), label5 VARCHAR(255), label6 VARCHAR(255), label7 VARCHAR(255), label8 VARCHAR(255) );
ALTER TABLE OBSERVE_COMMON.GEAR ADD CONSTRAINT PK_GEAR PRIMARY KEY(TOPIAID);
--
-- Gear Data
--
INSERT INTO OBSERVE_COMMON.GEAR(TOPIAID, TOPIAVERSION, TOPIACREATEDATE, STATUS, NEEDCOMMENT,CODE, LABEL2, LABEL1, LABEL3) VALUES ('fr.ird.observe.entities.referentiel.Gear#1239832686125#0.1',  0, TIMESTAMP '2015-03-28 00:00:00.00', 1, FALSE,  null, STRINGDECODE('Sondeur vertical'), STRINGDECODE('vertical sonar'), STRINGDECODE('sonar vertical'));
INSERT INTO OBSERVE_COMMON.GEAR(TOPIAID, TOPIAVERSION, TOPIACREATEDATE, STATUS, NEEDCOMMENT,CODE, LABEL2, LABEL1, LABEL3) VALUES ('fr.ird.observe.entities.referentiel.Gear#1239832686125#0.2',  0, TIMESTAMP '2015-03-28 00:00:00.00', 1, FALSE,  null, STRINGDECODE('Sondeur latéral'), STRINGDECODE('lateral sonar'), STRINGDECODE('sonar lateral'));
INSERT INTO OBSERVE_COMMON.GEAR(TOPIAID, TOPIAVERSION, TOPIACREATEDATE, STATUS, NEEDCOMMENT,CODE, LABEL2, LABEL1, LABEL3) VALUES ('fr.ird.observe.entities.referentiel.Gear#1239832686125#0.3',  0, TIMESTAMP '2015-03-28 00:00:00.00', 1, FALSE,  null, STRINGDECODE('Radar de route'), STRINGDECODE('transit radar'), STRINGDECODE('radar de ruta'));
INSERT INTO OBSERVE_COMMON.GEAR(TOPIAID, TOPIAVERSION, TOPIACREATEDATE, STATUS, NEEDCOMMENT,CODE, LABEL2, LABEL1, LABEL3) VALUES ('fr.ird.observe.entities.referentiel.Gear#1239832686125#0.4',  0, TIMESTAMP '2015-03-28 00:00:00.00', 1, FALSE,  null, STRINGDECODE('Radar oiseaux'), STRINGDECODE('bird radar'), STRINGDECODE('radar para pájaros'));
INSERT INTO OBSERVE_COMMON.GEAR(TOPIAID, TOPIAVERSION, TOPIACREATEDATE, STATUS, NEEDCOMMENT,CODE, LABEL2, LABEL1, LABEL3) VALUES ('fr.ird.observe.entities.referentiel.Gear#1239832686125#0.5',  0, TIMESTAMP '2015-03-28 00:00:00.00', 1, FALSE,  null, STRINGDECODE('Sonar'), STRINGDECODE('sonar'), STRINGDECODE('sonar'));
INSERT INTO OBSERVE_COMMON.GEAR(TOPIAID, TOPIAVERSION, TOPIACREATEDATE, STATUS, NEEDCOMMENT,CODE, LABEL2, LABEL1, LABEL3) VALUES ('fr.ird.observe.entities.referentiel.Gear#1239832686125#0.6',  0, TIMESTAMP '2015-03-28 00:00:00.00', 1, FALSE,  null, STRINGDECODE('Thermomètre'), STRINGDECODE('thermometer'), STRINGDECODE('termómetro'));
INSERT INTO OBSERVE_COMMON.GEAR(TOPIAID, TOPIAVERSION, TOPIACREATEDATE, STATUS, NEEDCOMMENT,CODE, LABEL2, LABEL1, LABEL3) VALUES ('fr.ird.observe.entities.referentiel.Gear#1239832686125#0.7',  0, TIMESTAMP '2015-03-28 00:00:00.00', 1, FALSE,  null, STRINGDECODE('Courantomètre'), STRINGDECODE('Current meter'), STRINGDECODE('?'));
INSERT INTO OBSERVE_COMMON.GEAR(TOPIAID, TOPIAVERSION, TOPIACREATEDATE, STATUS, NEEDCOMMENT,CODE, LABEL2, LABEL1, LABEL3) VALUES ('fr.ird.observe.entities.referentiel.Gear#1239832686125#0.8',  0, TIMESTAMP '2015-03-28 00:00:00.00', 1, FALSE,  null, STRINGDECODE('Grandes jumelles en veille'), STRINGDECODE('lookout binoculars'), STRINGDECODE('binoculares de gran tamaño'));
INSERT INTO OBSERVE_COMMON.GEAR(TOPIAID, TOPIAVERSION, TOPIACREATEDATE, STATUS, NEEDCOMMENT,CODE, LABEL2, LABEL1, LABEL3) VALUES ('fr.ird.observe.entities.referentiel.Gear#1239832686125#0.9',  0, TIMESTAMP '2015-03-28 00:00:00.00', 1, FALSE,  null, STRINGDECODE('Petites jumelles'), STRINGDECODE('binoculars'), STRINGDECODE('binoculares'));
INSERT INTO OBSERVE_COMMON.GEAR(TOPIAID, TOPIAVERSION, TOPIACREATEDATE, STATUS, NEEDCOMMENT,CODE, LABEL2, LABEL1, LABEL3) VALUES ('fr.ird.observe.entities.referentiel.Gear#1239832686125#0.10', 0, TIMESTAMP '2015-03-28 00:00:00.00', 1, FALSE,  null, STRINGDECODE('Téléphonie'), STRINGDECODE('telephony'), STRINGDECODE('telefonía'));
INSERT INTO OBSERVE_COMMON.GEAR(TOPIAID, TOPIAVERSION, TOPIACREATEDATE, STATUS, NEEDCOMMENT,CODE, LABEL2, LABEL1, LABEL3) VALUES ('fr.ird.observe.entities.referentiel.Gear#1239832686125#0.11', 0, TIMESTAMP '2015-03-28 00:00:00.00', 1, FALSE,  null, STRINGDECODE('Radio BLU'), STRINGDECODE('SSB radio (Single Side Band)'), STRINGDECODE('Radio BLU'));
INSERT INTO OBSERVE_COMMON.GEAR(TOPIAID, TOPIAVERSION, TOPIACREATEDATE, STATUS, NEEDCOMMENT,CODE, LABEL2, LABEL1, LABEL3) VALUES ('fr.ird.observe.entities.referentiel.Gear#1239832686125#0.12', 0, TIMESTAMP '2015-03-28 00:00:00.00', 1, FALSE,  null, STRINGDECODE('Radio VHF'), STRINGDECODE('VHF radio'), STRINGDECODE('Radio VHF'));
INSERT INTO OBSERVE_COMMON.GEAR(TOPIAID, TOPIAVERSION, TOPIACREATEDATE, STATUS, NEEDCOMMENT,CODE, LABEL2, LABEL1, LABEL3) VALUES ('fr.ird.observe.entities.referentiel.Gear#1239832686125#0.13', 0, TIMESTAMP '2015-03-28 00:00:00.00', 1, FALSE,  null, STRINGDECODE('Logiciel cartographique'), STRINGDECODE('cartography software'), STRINGDECODE('software de cartografía'));
INSERT INTO OBSERVE_COMMON.GEAR(TOPIAID, TOPIAVERSION, TOPIACREATEDATE, STATUS, NEEDCOMMENT,CODE, LABEL2, LABEL1, LABEL3) VALUES ('fr.ird.observe.entities.referentiel.Gear#1239832686125#0.14', 0, TIMESTAMP '2015-03-28 00:00:00.00', 1, FALSE,  null, STRINGDECODE('Logiciel météo'), STRINGDECODE('meteorological software'), STRINGDECODE('software meteorológico'));
INSERT INTO OBSERVE_COMMON.GEAR(TOPIAID, TOPIAVERSION, TOPIACREATEDATE, STATUS, NEEDCOMMENT,CODE, LABEL2, LABEL1, LABEL3) VALUES ('fr.ird.observe.entities.referentiel.Gear#1239832686125#0.15', 0, TIMESTAMP '2015-03-28 00:00:00.00', 1, FALSE,  null, STRINGDECODE('Autre type de logiciel'), STRINGDECODE('other type of software'), STRINGDECODE('otro tipo de software'));
INSERT INTO OBSERVE_COMMON.GEAR(TOPIAID, TOPIAVERSION, TOPIACREATEDATE, STATUS, NEEDCOMMENT,CODE, LABEL2, LABEL1, LABEL3) VALUES ('fr.ird.observe.entities.referentiel.Gear#1239832686125#0.16', 0, TIMESTAMP '2015-03-28 00:00:00.00', 1, FALSE,  null, STRINGDECODE('Skiff'), STRINGDECODE('skiff'), STRINGDECODE('panga'));
INSERT INTO OBSERVE_COMMON.GEAR(TOPIAID, TOPIAVERSION, TOPIACREATEDATE, STATUS, NEEDCOMMENT,CODE, LABEL2, LABEL1, LABEL3) VALUES ('fr.ird.observe.entities.referentiel.Gear#1239832686125#0.17', 0, TIMESTAMP '2015-03-28 00:00:00.00', 1, FALSE,  null, STRINGDECODE('Vedette'), STRINGDECODE('patrol boat'), STRINGDECODE('lancha motora'));
INSERT INTO OBSERVE_COMMON.GEAR(TOPIAID, TOPIAVERSION, TOPIACREATEDATE, STATUS, NEEDCOMMENT,CODE, LABEL2, LABEL1, LABEL3) VALUES ('fr.ird.observe.entities.referentiel.Gear#1239832686125#0.18', 0, TIMESTAMP '2015-03-28 00:00:00.00', 1, FALSE,  null, STRINGDECODE('Speed boat'), STRINGDECODE('speed boat'), STRINGDECODE('speed boat'));
INSERT INTO OBSERVE_COMMON.GEAR(TOPIAID, TOPIAVERSION, TOPIACREATEDATE, STATUS, NEEDCOMMENT,CODE, LABEL2, LABEL1, LABEL3) VALUES ('fr.ird.observe.entities.referentiel.Gear#1239832686125#0.19', 0, TIMESTAMP '2015-03-28 00:00:00.00', 1, FALSE,  null, STRINGDECODE('AIS (SIA système d''identification automatique)'), STRINGDECODE('AIS'), STRINGDECODE('AIS'));
INSERT INTO OBSERVE_COMMON.GEAR(TOPIAID, TOPIAVERSION, TOPIACREATEDATE, STATUS, NEEDCOMMENT,CODE, LABEL2, LABEL1, LABEL3) VALUES ('fr.ird.observe.entities.referentiel.Gear#1239832686125#0.20', 0, TIMESTAMP '2015-03-28 00:00:00.00', 1, FALSE,  null, STRINGDECODE('Senne'), STRINGDECODE('purse seine'), STRINGDECODE('cerco'));
INSERT INTO OBSERVE_COMMON.GEAR(TOPIAID, TOPIAVERSION, TOPIACREATEDATE, STATUS, NEEDCOMMENT,CODE, LABEL2, LABEL1, LABEL3) VALUES ('fr.ird.observe.entities.referentiel.Gear#1239832686125#0.21', 0, TIMESTAMP '2015-03-28 00:00:00.00', 1, FALSE,  null, STRINGDECODE('Salabarde'), STRINGDECODE('brail (scoop net)'), STRINGDECODE('salabarda'));
INSERT INTO OBSERVE_COMMON.GEAR(TOPIAID, TOPIAVERSION, TOPIACREATEDATE, STATUS, NEEDCOMMENT,CODE, LABEL2, LABEL1, LABEL3) VALUES ('fr.ird.observe.entities.referentiel.Gear#1239832686125#0.22', 0, TIMESTAMP '2015-03-28 00:00:00.00', 1, FALSE,  null, STRINGDECODE('Compas satellitaire'), STRINGDECODE('satellite compass'), STRINGDECODE('compás por satellite'));
INSERT INTO OBSERVE_COMMON.GEAR(TOPIAID, TOPIAVERSION, TOPIACREATEDATE, STATUS, NEEDCOMMENT,CODE, LABEL2, LABEL1, LABEL3) VALUES ('fr.ird.observe.entities.referentiel.Gear#1239832686125#0.23', 0, TIMESTAMP '2015-03-28 00:00:00.00', 1, FALSE,  null, STRINGDECODE('Sonde de profondeur de senne'), STRINGDECODE('net depth sounder'), STRINGDECODE('sonda de profundidad de la red'));
INSERT INTO OBSERVE_COMMON.GEAR(TOPIAID, TOPIAVERSION, TOPIACREATEDATE, STATUS, NEEDCOMMENT,CODE, LABEL2, LABEL1, LABEL3) VALUES ('fr.ird.observe.entities.referentiel.Gear#1239832686125#0.24', 0, TIMESTAMP '2015-03-28 00:00:00.00', 1, FALSE,  null, STRINGDECODE('Balise émettrice pour DCP'), STRINGDECODE('emission buoy for FAD'), STRINGDECODE('boya emisora para DCP'));
INSERT INTO OBSERVE_COMMON.GEAR(TOPIAID, TOPIAVERSION, TOPIACREATEDATE, STATUS, NEEDCOMMENT,CODE, LABEL2, LABEL1, LABEL3) VALUES ('fr.ird.observe.entities.referentiel.Gear#1239832686125#0.25', 0, TIMESTAMP '2015-03-28 00:00:00.00', 1, FALSE,  null, STRINGDECODE('Radeau'), STRINGDECODE('FAD'), STRINGDECODE('DCP, parilla'));
INSERT INTO OBSERVE_COMMON.GEAR(TOPIAID, TOPIAVERSION, TOPIACREATEDATE, STATUS, NEEDCOMMENT,CODE, LABEL2, LABEL1, LABEL3) VALUES ('fr.ird.observe.entities.referentiel.Gear#1239832686125#0.26', 0, TIMESTAMP '2015-03-28 00:00:00.00', 1, FALSE,  null, STRINGDECODE('Autre'), STRINGDECODE('other'), STRINGDECODE('otro'));
--
-- Gear GearCaracteristics Definition
--
CREATE TABLE OBSERVE_COMMON.GEAR_GEARCARACTERISTIC (GEAR VARCHAR(255) NOT NULL, GEARCARACTERISTIC VARCHAR(255) NOT NULL);
ALTER TABLE OBSERVE_COMMON.GEAR_GEARCARACTERISTIC ADD CONSTRAINT FK_GEAR_GEARCARACTERISTIC_GEAR FOREIGN KEY(GEAR) REFERENCES OBSERVE_COMMON.GEAR(topiaid);
ALTER TABLE OBSERVE_COMMON.GEAR_GEARCARACTERISTIC ADD CONSTRAINT FK_GEAR_GEARCARACTERISTIC_GEARCARACTERISTIC FOREIGN KEY(GEARCARACTERISTIC) REFERENCES OBSERVE_COMMON.GEARCARACTERISTIC(topiaid);
CREATE INDEX FK_GEAR_GEARCARACTERISTIC_GEAR_IDX ON OBSERVE_COMMON.GEAR_GEARCARACTERISTIC(GEAR);
CREATE INDEX FK_GEAR_GEARCARACTERISTIC_GEARCARACTERISTIC_IDX ON OBSERVE_COMMON.GEAR_GEARCARACTERISTIC(GEARCARACTERISTIC);
--
-- Gear GearCaracteristics Data
--
INSERT INTO OBSERVE_COMMON.GEAR_GEARCARACTERISTIC(GEAR, GEARCARACTERISTIC ) VALUES ('fr.ird.observe.entities.referentiel.Gear#1239832686125#0.1', 'fr.ird.observe.entities.referentiel.GearCaracteristic#1239832686124#0.1');
INSERT INTO OBSERVE_COMMON.GEAR_GEARCARACTERISTIC(GEAR, GEARCARACTERISTIC ) VALUES ('fr.ird.observe.entities.referentiel.Gear#1239832686125#0.2', 'fr.ird.observe.entities.referentiel.GearCaracteristic#1239832686124#0.1');
INSERT INTO OBSERVE_COMMON.GEAR_GEARCARACTERISTIC(GEAR, GEARCARACTERISTIC ) VALUES ('fr.ird.observe.entities.referentiel.Gear#1239832686125#0.3', 'fr.ird.observe.entities.referentiel.GearCaracteristic#1239832686124#0.1');
INSERT INTO OBSERVE_COMMON.GEAR_GEARCARACTERISTIC(GEAR, GEARCARACTERISTIC ) VALUES ('fr.ird.observe.entities.referentiel.Gear#1239832686125#0.4', 'fr.ird.observe.entities.referentiel.GearCaracteristic#1239832686124#0.1');
INSERT INTO OBSERVE_COMMON.GEAR_GEARCARACTERISTIC(GEAR, GEARCARACTERISTIC ) VALUES ('fr.ird.observe.entities.referentiel.Gear#1239832686125#0.8', 'fr.ird.observe.entities.referentiel.GearCaracteristic#1239832686124#0.1');
INSERT INTO OBSERVE_COMMON.GEAR_GEARCARACTERISTIC(GEAR, GEARCARACTERISTIC ) VALUES ('fr.ird.observe.entities.referentiel.Gear#1239832686125#0.9', 'fr.ird.observe.entities.referentiel.GearCaracteristic#1239832686124#0.1');
INSERT INTO OBSERVE_COMMON.GEAR_GEARCARACTERISTIC(GEAR, GEARCARACTERISTIC ) VALUES ('fr.ird.observe.entities.referentiel.Gear#1239832686125#0.16', 'fr.ird.observe.entities.referentiel.GearCaracteristic#1239832686124#0.2');
INSERT INTO OBSERVE_COMMON.GEAR_GEARCARACTERISTIC(GEAR, GEARCARACTERISTIC ) VALUES ('fr.ird.observe.entities.referentiel.Gear#1239832686125#0.17', 'fr.ird.observe.entities.referentiel.GearCaracteristic#1239832686124#0.2');
INSERT INTO OBSERVE_COMMON.GEAR_GEARCARACTERISTIC(GEAR, GEARCARACTERISTIC ) VALUES ('fr.ird.observe.entities.referentiel.Gear#1239832686125#0.18', 'fr.ird.observe.entities.referentiel.GearCaracteristic#1239832686124#0.2');
INSERT INTO OBSERVE_COMMON.GEAR_GEARCARACTERISTIC(GEAR, GEARCARACTERISTIC ) VALUES ('fr.ird.observe.entities.referentiel.Gear#1239832686125#0.20', 'fr.ird.observe.entities.referentiel.GearCaracteristic#1239832686124#0.7');
INSERT INTO OBSERVE_COMMON.GEAR_GEARCARACTERISTIC(GEAR, GEARCARACTERISTIC ) VALUES ('fr.ird.observe.entities.referentiel.Gear#1239832686125#0.20', 'fr.ird.observe.entities.referentiel.GearCaracteristic#1239832686124#0.8');
INSERT INTO OBSERVE_COMMON.GEAR_GEARCARACTERISTIC(GEAR, GEARCARACTERISTIC ) VALUES ('fr.ird.observe.entities.referentiel.Gear#1239832686125#0.20', 'fr.ird.observe.entities.referentiel.GearCaracteristic#1239832686124#0.9');
INSERT INTO OBSERVE_COMMON.GEAR_GEARCARACTERISTIC(GEAR, GEARCARACTERISTIC ) VALUES ('fr.ird.observe.entities.referentiel.Gear#1239832686125#0.20', 'fr.ird.observe.entities.referentiel.GearCaracteristic#1239832686124#0.10');
INSERT INTO OBSERVE_COMMON.GEAR_GEARCARACTERISTIC(GEAR, GEARCARACTERISTIC ) VALUES ('fr.ird.observe.entities.referentiel.Gear#1239832686125#0.20', 'fr.ird.observe.entities.referentiel.GearCaracteristic#1239832686124#0.11');
INSERT INTO OBSERVE_COMMON.GEAR_GEARCARACTERISTIC(GEAR, GEARCARACTERISTIC ) VALUES ('fr.ird.observe.entities.referentiel.Gear#1239832686125#0.20', 'fr.ird.observe.entities.referentiel.GearCaracteristic#1239832686124#0.12');
INSERT INTO OBSERVE_COMMON.GEAR_GEARCARACTERISTIC(GEAR, GEARCARACTERISTIC ) VALUES ('fr.ird.observe.entities.referentiel.Gear#1239832686125#0.20', 'fr.ird.observe.entities.referentiel.GearCaracteristic#1239832686124#0.16');
INSERT INTO OBSERVE_COMMON.GEAR_GEARCARACTERISTIC(GEAR, GEARCARACTERISTIC ) VALUES ('fr.ird.observe.entities.referentiel.Gear#1239832686125#0.20', 'fr.ird.observe.entities.referentiel.GearCaracteristic#1239832686124#0.17');
INSERT INTO OBSERVE_COMMON.GEAR_GEARCARACTERISTIC(GEAR, GEARCARACTERISTIC ) VALUES ('fr.ird.observe.entities.referentiel.Gear#1239832686125#0.21', 'fr.ird.observe.entities.referentiel.GearCaracteristic#1239832686124#0.13');
INSERT INTO OBSERVE_COMMON.GEAR_GEARCARACTERISTIC(GEAR, GEARCARACTERISTIC ) VALUES ('fr.ird.observe.entities.referentiel.Gear#1239832686125#0.21', 'fr.ird.observe.entities.referentiel.GearCaracteristic#1239832686124#0.14');
INSERT INTO OBSERVE_COMMON.GEAR_GEARCARACTERISTIC(GEAR, GEARCARACTERISTIC ) VALUES ('fr.ird.observe.entities.referentiel.Gear#1239832686125#0.21', 'fr.ird.observe.entities.referentiel.GearCaracteristic#1239832686124#0.15');
INSERT INTO OBSERVE_COMMON.GEAR_GEARCARACTERISTIC(GEAR, GEARCARACTERISTIC ) VALUES ('fr.ird.observe.entities.referentiel.Gear#1239832686125#0.23', 'fr.ird.observe.entities.referentiel.GearCaracteristic#1239832686124#0.17');
INSERT INTO OBSERVE_COMMON.GEAR_GEARCARACTERISTIC(GEAR, GEARCARACTERISTIC ) VALUES ('fr.ird.observe.entities.referentiel.Gear#1239832686125#0.23', 'fr.ird.observe.entities.referentiel.GearCaracteristic#1239832686124#0.6');
INSERT INTO OBSERVE_COMMON.GEAR_GEARCARACTERISTIC(GEAR, GEARCARACTERISTIC ) VALUES ('fr.ird.observe.entities.referentiel.Gear#1239832686125#0.24', 'fr.ird.observe.entities.referentiel.GearCaracteristic#1239832686124#0.17');
INSERT INTO OBSERVE_COMMON.GEAR_GEARCARACTERISTIC(GEAR, GEARCARACTERISTIC ) VALUES ('fr.ird.observe.entities.referentiel.Gear#1239832686125#0.24', 'fr.ird.observe.entities.referentiel.GearCaracteristic#1239832686124#0.6');
INSERT INTO OBSERVE_COMMON.GEAR_GEARCARACTERISTIC(GEAR, GEARCARACTERISTIC ) VALUES ('fr.ird.observe.entities.referentiel.Gear#1239832686125#0.24', 'fr.ird.observe.entities.referentiel.GearCaracteristic#1239832686124#0.18');
INSERT INTO OBSERVE_COMMON.GEAR_GEARCARACTERISTIC(GEAR, GEARCARACTERISTIC ) VALUES ('fr.ird.observe.entities.referentiel.Gear#1239832686125#0.24', 'fr.ird.observe.entities.referentiel.GearCaracteristic#1239832686124#0.19');
INSERT INTO OBSERVE_COMMON.GEAR_GEARCARACTERISTIC(GEAR, GEARCARACTERISTIC ) VALUES ('fr.ird.observe.entities.referentiel.Gear#1239832686125#0.25', 'fr.ird.observe.entities.referentiel.GearCaracteristic#1239832686124#0.20');
INSERT INTO OBSERVE_COMMON.GEAR_GEARCARACTERISTIC(GEAR, GEARCARACTERISTIC ) VALUES ('fr.ird.observe.entities.referentiel.Gear#1239832686125#0.25', 'fr.ird.observe.entities.referentiel.GearCaracteristic#1239832686124#0.21');
INSERT INTO OBSERVE_COMMON.GEAR_GEARCARACTERISTIC(GEAR, GEARCARACTERISTIC ) VALUES ('fr.ird.observe.entities.referentiel.Gear#1239832686125#0.25', 'fr.ird.observe.entities.referentiel.GearCaracteristic#1239832686124#0.22');
